nsubj,ncore,repeat1,repeat2,others
30,4,MAsha-0911c4f.MAPsha-94ed85f.lm.josiane.nfixel-0.nsubj-30.ncore-4.vmware.runMemProfiler.s-1sec.20220111-114313,MAsha-0911c4f.MAPsha-94ed85f.lm.josiane.nfixel-0.nsubj-30.ncore-4.vmware.runMemProfiler.s-1sec.20220114-222027,MAsha-0911c4f.MAPsha-94ed85f.lm.josiane.nfixel-0.nsubj-30.ncore-4.vmware.runMemProfiler.s-1sec.20220113-211812
100,4,MAsha-0911c4f.MAPsha-94ed85f.lm.josiane.nfixel-0.nsubj-100.ncore-4.vmware.runMemProfiler.s-1sec.20220111-142415,MAsha-0911c4f.MAPsha-76162fd.lm.josiane.nfixel-0.nsubj-100.ncore-4.vmware.runMemProfiler.s-1sec.20220115-171958,MAsha-0911c4f.MAPsha-94ed85f.lm.josiane.nfixel-0.nsubj-100.ncore-4.vmware.runMemProfiler.s-1sec.20220114-000118
300,4,MAsha-0911c4f.MAPsha-94ed85f.lm.josiane.nfixel-0.nsubj-300.ncore-4.vmware.runMemProfiler.s-1sec.20220111-165757,MAsha-0911c4f.MAPsha-76162fd.lm.josiane.nfixel-0.nsubj-300.ncore-4.vmware.runMemProfiler.s-1sec.20220115-195710,
500,4,MAsha-0911c4f.MAPsha-94ed85f.lm.josiane.nfixel-0.nsubj-500.ncore-4.vmware.runMemProfiler.s-1sec.20220111-193737,MAsha-0911c4f.MAPsha-76162fd.lm.josiane.nfixel-0.nsubj-500.ncore-4.vmware.runMemProfiler.s-1sec.20220115-223612,
750,4,MAsha-0911c4f.MAPsha-94ed85f.lm.josiane.nfixel-0.nsubj-750.ncore-4.vmware.runMemProfiler.s-1sec.20220112-111503,MAsha-0911c4f.MAPsha-76162fd.lm.josiane.nfixel-0.nsubj-750.ncore-4.vmware.runMemProfiler.s-1sec.20220116-012223,
938,4,MAsha-0911c4f.MAPsha-94ed85f.lm.josiane.nfixel-0.nsubj-938.ncore-4.vmware.runMemProfiler.s-1sec.20220112-135304,MAsha-0911c4f.MAPsha-76162fd.lm.josiane.nfixel-0.nsubj-938.ncore-4.vmware.runMemProfiler.s-1sec.20220116-041102,
30,1,MAsha-0911c4f.MAPsha-94ed85f.lm.josiane.nfixel-0.nsubj-30.ncore-1.vmware.runMemProfiler.s-1sec.20220112-235045,MAsha-0911c4f.MAPsha-76162fd.lm.josiane.nfixel-0.nsubj-30.ncore-1.vmware.runMemProfiler.s-1sec.20220116-111726,
30,2,MAsha-0911c4f.MAPsha-94ed85f.lm.josiane.nfixel-0.nsubj-30.ncore-2.vmware.runMemProfiler.s-1sec.20220112-162102,MAsha-0911c4f.MAPsha-76162fd.lm.josiane.nfixel-0.nsubj-30.ncore-2.vmware.runMemProfiler.s-1sec.20220116-070108,
30,3,MAsha-0911c4f.MAPsha-94ed85f.lm.josiane.nfixel-0.nsubj-30.ncore-3.vmware.runMemProfiler.s-1sec.20220113-145514,MAsha-0911c4f.MAPsha-76162fd.lm.josiane.nfixel-0.nsubj-30.ncore-3.vmware.runMemProfiler.s-1sec.20220116-175847,
938,1,MAsha-0911c4f.MAPsha-94ed85f.lm.josiane.nfixel-0.nsubj-938.ncore-1.vmware.runMemProfiler.s-1sec.20220113-063127,MAsha-0911c4f.MAPsha-76162fd.lm.josiane.nfixel-0.nsubj-938.ncore-1.vmware.runMemProfiler.s-1sec.20220116-210641,
938,2,MAsha-0911c4f.MAPsha-94ed85f.lm.josiane.nfixel-0.nsubj-938.ncore-2.vmware.runMemProfiler.s-1sec.20220112-195852,MAsha-0911c4f.MAPsha-76162fd.lm.josiane.nfixel-0.nsubj-938.ncore-2.vmware.runMemProfiler.s-1sec.20220117-042021,
938,3,MAsha-0911c4f.MAPsha-94ed85f.lm.josiane.nfixel-0.nsubj-938.ncore-3.vmware.runMemProfiler.s-1sec.20220113-180004,MAsha-0911c4f.MAPsha-76162fd.lm.josiane.nfixel-0.nsubj-938.ncore-3.vmware.runMemProfiler.s-1sec.20220117-081435,
